City_ID,City,Cloudiness,Country,Current Description,Humidity,Lat,Lng,Max Temp,Rain (inches),Snow (inches),Wind Speed
0,Ancud,75,CL,broken clouds,87,-41.87,-73.82,55.99,0.0,0,11.41
1,Coihaique,40,CL,scattered clouds,66,-45.58,-72.07,50.0,0.0,0,4.7
2,Vaini,20,TO,few clouds,83,-21.2,-175.2,69.8,0.0,0,8.05
3,Kirovo-Chepetsk,0,RU,clear sky,68,58.55,50.04,51.71,0.0,0,1.99
4,Lebu,100,CL,moderate rain,94,-37.62,-73.65,52.27,3.23,0,14.47
5,Albany,4,US,clear sky,52,42.6,-73.97,84.99,0.0,0,5.93
6,Geraldton,10,AU,clear sky,87,-28.77,114.6,50.0,0.0,0,4.7
7,Norman Wells,75,CA,broken clouds,49,65.28,-126.83,71.6,0.0,0,10.29
8,Upernavik,0,GL,clear sky,82,72.79,-56.15,36.12,0.0,0,9.89
9,Rabaul,20,PG,few clouds,78,-4.2,152.17,80.56,0.0,0,9.13
10,Mataura,0,NZ,clear sky,83,-46.19,168.86,39.0,0.0,0,3.0
11,Mahanoro,15,MG,light rain,85,-19.9,48.8,66.88,0.4,0,6.71
12,Yibin,17,CN,few clouds,77,28.77,104.62,72.18,0.0,0,1.45
13,Martin,75,US,thunderstorm,74,27.08,-80.42,91.99,0.0,0,7.43
14,Isangel,4,VU,clear sky,82,-19.55,169.27,72.18,0.0,0,12.06
15,Tuatapere,13,NZ,few clouds,83,-46.13,167.68,39.0,0.0,0,3.0
16,Hithadhoo,94,MV,overcast clouds,77,-0.6,73.08,84.63,0.0,0,11.39
17,Talnakh,94,RU,overcast clouds,57,69.49,88.4,48.2,0.0,0,11.18
18,Rikitea,93,PF,light rain,84,-23.12,-134.97,76.19,0.37,0,16.71
19,Mandal,62,IN,broken clouds,47,25.45,74.57,89.2,0.0,0,21.79
20,Bethel,40,US,scattered clouds,69,41.37,-73.41,80.01,0.0,0,10.29
21,Ostrovnoy,93,RU,overcast clouds,67,68.05,39.51,57.43,0.0,0,3.94
22,Awjilah,0,LY,clear sky,20,29.11,21.29,87.06,0.0,0,9.71
23,Atuona,38,PF,light rain,78,-9.8,-139.03,79.48,0.22,0,12.06
24,Vidim,0,RU,clear sky,63,56.41,103.11,51.44,0.0,0,8.23
25,Busselton,18,AU,few clouds,95,-33.65,115.33,44.01,0.0,0,4.99
26,Krasnoselkup,99,RU,overcast clouds,56,65.7,82.47,46.8,0.0,0,14.36
27,Cape Town,0,ZA,clear sky,48,-33.93,18.42,62.6,0.0,0,6.93
28,Nenjiang,95,CN,overcast clouds,86,49.18,125.22,55.81,0.0,0,5.26
29,Luena,2,AO,clear sky,56,-11.78,19.92,71.6,0.0,0,5.82
30,Bluff,1,NZ,clear sky,83,-46.6,168.33,39.0,0.0,0,3.0
31,Shaoxing,75,CN,broken clouds,88,30.01,120.57,73.4,0.0,0,4.47
32,Bonfim,62,BR,light rain,72,3.08,-59.95,84.42,0.33,0,6.87
33,Brae,8,GB,clear sky,93,60.4,-1.35,53.6,0.0,0,8.05
34,Port Alfred,0,ZA,clear sky,80,-33.59,26.89,57.99,0.0,0,5.01
35,Creel,38,MX,scattered clouds,27,27.75,-107.63,75.43,0.0,0,8.57
36,Nikolayevsk-Na-Amure,100,RU,overcast clouds,92,53.14,140.73,42.98,0.0,0,3.74
37,Khatanga,83,RU,broken clouds,56,71.97,102.5,52.97,0.0,0,11.92
38,Barrow,1,US,clear sky,75,71.29,-156.79,41.0,0.0,0,8.05
39,Cherskiy,7,RU,clear sky,41,68.75,161.3,65.26,0.0,0,7.74
40,Neiafu,20,TO,few clouds,78,-18.65,-173.98,71.6,0.0,0,4.7
41,Fredericksburg,75,US,broken clouds,61,38.3,-77.46,79.0,0.0,0,9.17
42,Joshimath,59,IN,light rain,55,30.57,79.57,64.67,0.22,0,1.07
43,Dunedin,73,NZ,broken clouds,81,-45.87,170.5,42.01,0.0,0,4.0
44,Woodward,1,US,clear sky,40,36.43,-99.39,90.0,0.0,0,18.34
45,Oriximina,99,BR,overcast clouds,58,-1.77,-55.87,87.58,0.0,0,7.7
46,Nouakchott,1,MR,sand,46,18.09,-15.98,91.4,0.0,0,20.8
47,Murray Bridge,0,AU,clear sky,72,-35.12,139.27,55.0,0.0,0,13.98
48,Butaritari,91,KI,overcast clouds,62,3.07,172.79,82.98,0.0,0,4.05
49,Pasighat,100,IN,light rain,88,28.07,95.33,76.42,0.51,0,2.71
50,Chiredzi,100,ZW,overcast clouds,91,-21.05,31.67,57.76,0.0,0,3.91
51,Provideniya,11,RU,few clouds,56,64.38,-173.3,56.66,0.0,0,3.36
52,Olafsvik,98,IS,overcast clouds,75,64.89,-23.71,49.32,0.0,0,17.74
53,Santa Cruz Del Norte,40,CU,scattered clouds,66,23.15,-81.92,87.8,0.0,0,3.36
54,Ayorou,98,NE,overcast clouds,20,14.73,0.92,104.29,0.0,0,9.89
55,Punta Arenas,90,CL,overcast clouds,86,-53.15,-70.92,39.2,0.0,0,14.99
56,Leningradskiy,83,RU,broken clouds,62,69.38,178.42,44.01,0.0,0,4.72
57,Castro,92,BR,overcast clouds,68,-24.79,-50.01,67.44,0.0,0,11.18
58,Lata,0,PT,clear sky,54,40.16,-8.33,69.01,0.0,0,7.0
59,Rawson,57,AR,broken clouds,42,-43.3,-65.1,60.01,0.0,0,23.78
60,Poya,99,NC,light rain,83,-21.35,165.15,69.12,0.13,0,5.53
61,Alofi,48,NU,scattered clouds,83,-19.06,-169.92,71.6,0.0,0,10.29
62,Nibbar,40,TN,scattered clouds,16,36.29,8.77,95.0,0.0,0,11.41
63,Abonnema,75,NG,broken clouds,78,4.71,6.79,82.4,0.0,0,3.36
64,Chara,100,RU,light rain,85,56.91,118.26,50.16,0.13,0,2.73
65,Salalah,75,OM,broken clouds,79,17.02,54.09,86.0,0.0,0,6.93
66,Ribeira Grande,75,PT,broken clouds,72,38.52,-28.7,68.0,0.0,0,13.87
67,Hermanus,0,ZA,clear sky,74,-34.42,19.23,53.01,0.0,0,1.01
68,Hobart,100,AU,overcast clouds,86,-42.88,147.33,41.0,0.0,0,8.05
69,Hamilton,75,US,broken clouds,57,39.18,-84.53,79.0,0.0,0,5.82
70,Jamestown,75,US,broken clouds,54,42.1,-79.24,78.8,0.0,0,8.05
71,Kidal,0,ML,clear sky,7,18.44,1.41,104.63,0.0,0,10.33
72,Omboue,76,GA,broken clouds,88,-1.57,9.26,73.15,0.0,0,8.68
73,Gizo,2,SB,clear sky,77,-8.1,156.84,81.7,0.0,0,4.61
74,Hoyerswerda,73,DE,broken clouds,79,51.43,14.25,73.0,0.0,0,5.99
75,Sao Felix Do Xingu,60,BR,broken clouds,46,-6.64,-51.99,87.44,0.0,0,8.03
76,Thompson,90,CA,moderate rain,93,55.74,-97.86,35.6,0.0,0,13.87
77,Port Elizabeth,0,ZA,clear sky,87,-33.92,25.57,55.4,0.0,0,2.24
78,Ushuaia,8,AR,clear sky,80,-54.8,-68.3,33.8,0.0,0,7.09
79,Nikolskoye,75,RU,thunderstorm with light rain,82,59.7,30.79,71.01,0.0,0,11.18
80,Avarua,32,CK,light rain,83,-21.21,-159.78,69.8,0.0,0,9.17
81,Yellowknife,20,CA,few clouds,71,62.46,-114.35,61.0,0.0,0,14.99
82,Beringovskiy,6,RU,clear sky,58,63.05,179.32,48.11,0.0,0,0.4
83,Karratha,0,AU,clear sky,60,-20.74,116.85,70.09,0.0,0,4.94
84,Sinnamary,46,GF,moderate rain,95,5.38,-52.95,76.12,3.9,0,11.45
85,Tadine,61,NC,broken clouds,83,-21.55,167.88,70.7,0.0,0,13.44
86,Lavrentiya,8,RU,clear sky,64,65.58,-171.0,48.56,0.0,0,1.12
87,Ekhabi,100,RU,overcast clouds,97,53.51,142.97,39.69,0.0,0,8.86
88,Faanui,63,PF,broken clouds,81,-16.48,-151.75,79.65,0.0,0,5.14
89,Luau,0,AO,clear sky,42,-10.71,22.22,63.14,0.0,0,4.27
90,Victoria,4,HK,clear sky,74,22.29,114.16,84.0,0.0,0,8.3
91,Pitimbu,75,BR,broken clouds,74,-7.47,-34.81,82.4,0.0,0,14.99
92,Airai,91,TL,overcast clouds,100,-8.93,125.41,57.69,0.0,0,4.16
93,Muros,2,ES,clear sky,65,42.78,-9.06,64.99,0.0,0,18.01
94,Hastings,1,GB,clear sky,71,50.86,0.57,64.0,0.0,0,3.0
95,Tehachapi,1,US,clear sky,25,35.13,-118.45,79.0,0.0,0,8.05
96,Talcahuano,90,CL,heavy intensity rain,100,-36.72,-73.12,55.4,0.0,0,4.7
97,Bambous Virieux,75,MU,broken clouds,68,-20.34,57.76,71.6,0.0,0,12.75
98,Kavieng,2,PG,moderate rain,75,-2.57,150.8,82.15,1.96,0,3.96
99,Oyama,90,JP,light rain,93,36.3,139.8,69.01,0.0,0,2.55
100,Chuy,40,UY,scattered clouds,67,-33.7,-53.46,67.53,0.0,0,15.14
101,Saldanha,0,ZA,clear sky,42,-33.01,17.94,68.0,0.0,0,5.82
102,Cidreira,81,BR,broken clouds,66,-30.18,-50.21,73.74,0.0,0,8.93
103,Sandata,99,RU,overcast clouds,48,46.27,41.76,73.33,0.0,0,9.75
104,Bredasdorp,0,ZA,clear sky,87,-34.53,20.04,53.6,0.0,0,4.97
105,Port Blair,76,IN,broken clouds,84,11.67,92.75,82.94,0.0,0,11.97
106,East London,0,ZA,clear sky,60,-33.02,27.91,65.19,0.0,0,13.49
107,Vila Velha,20,BR,few clouds,69,-20.33,-40.29,77.0,0.0,0,8.05
108,Tasiilaq,100,GL,light rain,75,65.61,-37.64,42.8,0.0,0,44.96
109,Maubin,75,MM,broken clouds,94,16.73,95.65,77.0,0.0,0,3.36
110,Champerico,40,GT,scattered clouds,70,14.3,-91.92,86.0,0.0,0,5.44
111,Kaitangata,25,NZ,scattered clouds,83,-46.28,169.85,39.54,0.0,0,8.01
112,Otavi,0,NA,clear sky,39,-19.65,17.33,57.11,0.0,0,10.42
113,Bonavista,98,CA,overcast clouds,77,48.65,-53.11,53.83,0.0,0,7.99
114,Hualmay,46,PE,scattered clouds,66,-11.1,-77.61,68.65,0.0,0,9.24
115,Palu,96,ID,overcast clouds,79,-0.89,119.87,76.71,0.0,0,2.51
116,Saint-Philippe,75,RE,broken clouds,73,-21.36,55.77,69.8,0.0,0,18.34
117,Bud,40,US,scattered clouds,50,39.45,-86.18,81.0,0.0,0,6.29
118,Karpathos,40,GR,scattered clouds,78,35.51,27.21,73.4,0.0,0,13.87
119,Lang Son,79,VN,broken clouds,93,21.83,106.73,75.4,0.0,0,3.27
120,Fortuna,20,US,few clouds,82,40.6,-124.16,64.99,0.0,0,4.7
121,Miramar,40,US,light rain,62,25.99,-80.23,91.0,0.25,0,8.05
122,Canberra,7,AU,mist,88,-35.28,149.13,37.0,0.0,0,0.45
123,Port Macquarie,96,AU,overcast clouds,97,-31.43,152.92,54.0,0.0,0,3.58
124,Puerto Ayora,20,EC,few clouds,57,-0.74,-90.35,80.6,0.0,0,23.04
125,Tura,100,IN,light rain,98,25.52,90.22,74.62,0.76,0,5.3
126,Chokurdakh,45,RU,scattered clouds,44,70.63,147.92,73.13,0.0,0,8.57
127,Georgetown,20,MY,few clouds,79,5.41,100.34,84.2,0.0,0,3.36
128,Faya,40,SA,scattered clouds,60,18.39,42.45,75.2,0.0,0,8.05
129,Alyangula,1,AU,clear sky,100,-13.85,136.42,68.0,0.0,0,9.98
130,Bonham,1,US,clear sky,45,33.58,-96.18,88.0,0.0,0,11.41
131,Saint Anthony,90,US,overcast clouds,73,45.02,-93.22,78.01,0.0,0,6.93
132,Karlskrona,55,SE,broken clouds,53,56.16,15.59,77.0,0.0,0,10.29
133,Pyaozerskiy,100,RU,moderate rain,85,65.83,31.17,57.15,1.08,0,4.81
134,Miri,75,MY,broken clouds,88,4.41,114.01,80.6,0.0,0,4.7
135,Los Llanos De Aridane,20,ES,few clouds,73,28.66,-17.92,75.2,0.0,0,17.22
136,Rafaela,0,AR,clear sky,51,-31.25,-61.49,66.99,0.0,0,1.99
137,Ossora,0,RU,clear sky,78,59.24,163.07,52.95,0.0,0,1.83
138,Caravelas,61,BR,light rain,87,-17.71,-39.25,74.75,0.66,0,8.75
139,Korla,40,CN,scattered clouds,45,41.76,86.15,86.0,0.0,0,1.99
140,Moussoro,20,TD,few clouds,19,13.64,16.49,100.13,0.0,0,9.64
141,Mar Del Plata,90,AR,overcast clouds,87,-38.0,-57.56,57.99,0.0,0,14.99
142,Akdagmadeni,43,TR,light rain,80,39.66,35.88,56.55,0.3,0,3.8
143,San Policarpo,100,PH,overcast clouds,81,12.18,125.51,79.84,0.0,0,10.22
144,Shashi,43,CN,scattered clouds,91,30.31,112.24,72.0,0.0,0,1.39
145,Inuvik,75,CA,broken clouds,76,68.35,-133.72,55.4,0.0,0,3.36
146,Tuktoyaktuk,90,CA,overcast clouds,93,69.45,-133.04,44.6,0.0,0,6.93
147,Solwezi,3,ZM,clear sky,66,-12.17,26.39,54.75,0.0,0,3.98
148,Pachino,11,IT,few clouds,24,36.72,15.09,82.4,0.0,0,4.7
149,Bilibino,28,RU,scattered clouds,45,68.05,166.44,65.37,0.0,0,5.88
150,Lalibela,61,ET,broken clouds,31,12.03,39.03,68.4,0.0,0,7.18
151,Taybad,0,IR,clear sky,18,34.74,60.78,76.98,0.0,0,13.06
152,Hami,8,CN,clear sky,23,42.8,93.45,83.8,0.0,0,18.52
153,Labrea,98,BR,overcast clouds,55,-7.26,-64.8,88.75,0.0,0,1.79
154,Dharchula,42,IN,light rain,68,29.85,80.53,70.47,0.53,0,1.99
155,Dhidhdhoo,100,MV,light rain,78,6.88,73.1,84.31,0.18,0,11.05
156,Gayny,0,RU,clear sky,60,60.31,54.32,46.44,0.0,0,1.92
157,Mehamn,75,NO,broken clouds,81,71.04,27.85,44.6,0.0,0,16.11
158,Nanortalik,62,GL,broken clouds,78,60.14,-45.24,40.42,0.0,0,7.45
159,Komsomolskiy,72,UZ,broken clouds,38,40.43,71.72,73.4,0.0,0,4.7
160,Whitehorse,75,CA,broken clouds,66,60.72,-135.05,54.0,0.0,0,13.87
161,Sassandra,99,CI,light rain,89,4.95,-6.08,76.42,0.87,0,6.11
162,Yangambi,68,CD,broken clouds,58,0.81,24.43,74.44,0.0,0,1.34
163,Bucerias,5,MX,clear sky,54,20.75,-105.33,87.01,0.0,0,6.93
164,Sahuaripa,0,MX,clear sky,14,29.05,-109.23,98.46,0.0,0,6.02
165,Oktyabrskoye,100,RU,light rain,93,43.06,44.74,64.4,0.21,0,6.71
166,Marsa Matruh,0,EG,clear sky,69,31.35,27.25,75.2,0.0,0,18.34
167,Sola,94,VU,overcast clouds,78,-13.88,167.55,79.65,0.0,0,19.89
168,Margate,4,GB,clear sky,70,51.38,1.39,68.0,0.0,0,4.0
169,Lima,90,PE,overcast clouds,82,-12.04,-77.03,66.2,0.0,0,5.82
170,Fort Frances,90,CA,overcast clouds,78,48.6,-93.4,73.99,0.0,0,5.82
171,Esperance,40,AU,scattered clouds,87,-33.87,121.9,48.2,0.0,0,13.87
172,Kodiak,75,US,broken clouds,87,57.79,-152.41,50.0,0.0,0,13.87
173,Klaksvik,97,FO,overcast clouds,93,62.23,-6.59,50.0,0.0,0,2.24
174,Rorvik,20,NO,few clouds,82,64.86,11.24,55.4,0.0,0,13.87
175,Pasni,47,PK,scattered clouds,88,25.26,63.47,83.97,0.0,0,7.2
176,Glan Padidu,100,PH,overcast clouds,77,5.85,125.22,78.49,0.0,0,4.83
177,Santa Cruz,40,BO,scattered clouds,61,-17.8,-63.17,84.2,0.0,0,27.51
178,Carolina,40,PR,shower rain,62,18.38,-65.96,91.0,0.0,0,24.16
179,Formosa Do Rio Preto,63,BR,broken clouds,48,-11.05,-45.19,81.36,0.0,0,9.17
180,Arraial Do Cabo,0,BR,clear sky,69,-22.97,-42.03,78.8,0.0,0,19.46
181,Half Moon Bay,1,US,haze,59,37.46,-122.43,82.99,0.0,0,5.82
182,Bingol,23,TR,few clouds,49,38.88,40.49,64.96,0.0,0,3.6
183,Yeovil,75,GB,moderate rain,93,50.94,-2.63,59.0,1.78,0,10.29
184,Trelew,65,AR,broken clouds,37,-43.25,-65.31,61.11,0.0,0,26.64
185,Longyearbyen,75,SJ,broken clouds,65,78.22,15.64,44.6,0.0,0,5.82
186,Nakhon Phanom,65,TH,light rain,94,17.41,104.78,75.15,0.13,0,2.39
187,Loukhi,92,RU,overcast clouds,68,66.08,33.04,59.79,0.0,0,5.28
188,Tommot,99,RU,overcast clouds,83,58.96,126.29,52.63,0.0,0,0.85
189,New Norfolk,100,AU,overcast clouds,83,-42.78,147.06,41.0,0.0,0,2.35
190,Mahebourg,75,MU,broken clouds,68,-20.41,57.7,71.6,0.0,0,12.75
191,Sorong,13,ID,few clouds,81,-0.88,131.25,80.65,0.0,0,2.95
192,Ipora,5,BR,clear sky,44,-16.44,-51.12,82.49,0.0,0,8.5
193,Kapaa,90,US,overcast clouds,88,22.08,-159.32,77.0,0.0,0,10.29
194,Qaanaaq,0,GL,clear sky,85,77.48,-69.36,35.11,0.0,0,1.39
195,Dikson,58,RU,broken clouds,93,73.51,80.55,33.26,0.0,0,16.49
196,Tabasco,20,MX,few clouds,79,18.0,-92.67,86.0,0.0,0,10.29
197,Kruisfontein,0,ZA,clear sky,44,-34.0,24.73,57.52,0.0,0,5.75
198,Sehwan,61,PK,haze,37,26.43,67.86,102.2,0.0,0,16.11
199,Vestmannaeyjar,75,IS,broken clouds,76,63.44,-20.27,50.0,0.0,0,20.8
200,Nantucket,90,US,overcast clouds,88,41.28,-70.1,72.0,0.0,0,9.17
201,Ikungi,27,TZ,scattered clouds,63,-5.13,34.77,61.38,0.0,0,5.32
202,Dibrugarh,97,IN,light rain,96,27.48,94.9,76.1,0.19,0,6.69
203,Bosaso,39,SO,scattered clouds,39,11.28,49.18,94.35,0.0,0,15.35
204,Chany,55,RU,broken clouds,88,55.31,76.76,44.06,0.0,0,8.3
205,Rayagada,100,IN,overcast clouds,80,19.17,83.42,78.94,0.0,0,1.77
206,Paamiut,82,GL,broken clouds,81,61.99,-49.67,38.14,0.0,0,10.04
207,Antalaha,100,MG,light rain,90,-14.9,50.28,70.93,0.33,0,13.4
208,Tsuruoka,98,JP,overcast clouds,80,38.72,139.82,64.96,0.0,0,5.17
209,Lasa,75,IT,broken clouds,50,46.62,10.7,57.2,0.0,0,4.7
210,San Matias,84,BO,broken clouds,33,-16.37,-58.4,91.74,0.0,0,7.0
211,Carnarvon,0,AU,clear sky,72,-24.87,113.63,60.8,0.0,0,12.75
212,Dudinka,80,RU,broken clouds,57,69.41,86.18,48.2,0.0,0,11.18
213,Clyde River,75,CA,broken clouds,90,70.47,-68.59,33.8,0.0,0,5.82
214,Hasaki,90,JP,overcast clouds,93,35.73,140.83,66.2,0.0,0,5.82
215,Melur,20,IN,few clouds,58,10.05,78.33,87.8,0.0,0,5.82
216,Iracoubo,28,GF,moderate rain,90,5.48,-53.2,79.21,2.0,0,13.65
217,Road Town,40,VG,scattered clouds,62,18.42,-64.62,89.6,0.0,0,9.17
218,Shanghai,90,CN,overcast clouds,94,31.22,121.46,73.99,0.0,0,6.71
219,Sao Filipe,0,CV,clear sky,57,14.9,-24.5,82.54,0.0,0,12.57
220,Cherat,16,PK,few clouds,15,33.82,71.89,86.79,0.0,0,5.03
221,Andapa,100,MG,light rain,90,-14.65,49.65,63.7,0.14,0,2.82
222,Nome,1,US,clear sky,63,64.5,-165.41,61.0,0.0,0,9.17
223,Tilichiki,0,RU,clear sky,83,60.47,166.1,51.15,0.0,0,3.44
224,Belyy Yar,73,RU,broken clouds,82,53.6,91.39,60.8,0.0,0,11.18
225,Siuna,81,NI,light rain,68,13.73,-84.78,86.27,0.37,0,6.44
226,Teguldet,100,RU,overcast clouds,97,57.31,88.17,57.34,0.0,0,3.78
227,Waipawa,100,NZ,light rain,93,-41.41,175.52,52.0,0.0,0,26.4
228,Lazaro Cardenas,0,MX,clear sky,56,17.96,-102.2,87.4,0.0,0,9.08
229,Cabo San Lucas,40,MX,scattered clouds,58,22.89,-109.91,93.2,0.0,0,3.36
230,Kamaishi,100,JP,overcast clouds,69,39.27,141.88,64.85,0.0,0,4.5
231,Zambezi,0,ZM,clear sky,50,-13.54,23.1,59.27,0.0,0,5.91
232,Novobirilyussy,100,RU,light rain,97,56.95,90.67,58.59,0.91,0,7.07
233,Barcelos,20,PT,few clouds,72,41.54,-8.62,70.0,0.0,0,17.22
234,Saint-Georges,40,GD,scattered clouds,74,12.06,-61.75,86.0,0.0,0,13.87
235,Chapais,1,CA,clear sky,27,49.78,-74.85,87.8,0.0,0,16.11
236,Toora-Khem,100,RU,moderate rain,90,52.47,96.11,54.34,1.42,0,3.49
237,Naze,96,JP,overcast clouds,100,28.37,129.48,78.8,0.0,0,11.41
238,Tres Arroyos,34,AR,scattered clouds,40,-38.37,-60.28,58.68,0.0,0,12.44
239,Lompoc,0,US,clear sky,72,34.64,-120.46,68.0,0.0,0,6.93
240,Narsaq,75,GL,light rain,70,60.92,-46.05,42.8,0.0,0,10.29
241,Bandarbeyla,64,SO,broken clouds,70,9.49,50.81,81.5,0.0,0,31.32
242,Trairi,1,BR,clear sky,65,-3.28,-39.27,84.29,0.0,0,12.39
243,Palmas,40,BR,scattered clouds,45,-10.21,-48.36,88.0,0.0,0,12.75
244,Morehead,40,US,scattered clouds,47,37.27,-87.18,81.0,0.0,0,6.93
245,Vung Tau,100,VN,overcast clouds,78,10.35,107.08,82.94,0.0,0,4.0
246,Luderitz,0,NA,clear sky,19,-26.65,15.16,80.6,0.0,0,2.24
247,Dong Hoi,7,VN,clear sky,78,17.48,106.6,79.86,0.0,0,8.1
248,Zyryanka,51,RU,broken clouds,42,65.75,150.85,68.9,0.0,0,7.27
249,Ola,75,RU,broken clouds,92,59.58,151.28,47.89,0.0,0,0.83
250,Mitsamiouli,20,KM,few clouds,65,-11.38,43.28,78.22,0.0,0,11.81
251,Sept-Iles,75,CA,broken clouds,50,50.2,-66.38,75.2,0.0,0,5.82
252,Mabaruma,98,GY,moderate rain,91,8.2,-59.78,80.53,1.92,0,5.84
253,Seddon,95,AU,overcast clouds,81,-37.81,144.89,54.0,0.0,0,12.75
254,Pisco,90,PE,overcast clouds,77,-13.7,-76.22,64.99,0.0,0,2.24
255,Chicama,54,PE,broken clouds,58,-7.84,-79.15,73.72,0.0,0,10.71
256,Bengkulu,100,ID,light rain,89,-3.8,102.27,76.41,0.11,0,5.14
257,San Quintin,81,MX,broken clouds,61,30.48,-115.95,66.7,0.0,0,10.63
258,Chaiya,96,TH,overcast clouds,89,9.39,99.2,82.0,0.0,0,4.74
259,High Level,20,CA,few clouds,72,58.52,-117.14,62.6,0.0,0,8.05
260,That Phanom,68,TH,broken clouds,89,16.94,104.71,77.11,0.0,0,3.62
261,Saint George,1,US,clear sky,14,37.1,-113.58,80.01,0.0,0,8.05
262,Mandera,64,KE,broken clouds,46,3.94,41.87,85.87,0.0,0,13.2
263,Kochubey,97,RU,overcast clouds,52,44.39,46.58,76.03,0.0,0,16.64
264,Severo-Kurilsk,60,RU,broken clouds,87,50.68,156.12,41.54,0.0,0,8.43
265,Kendari,79,ID,broken clouds,93,-3.94,122.5,74.16,0.0,0,4.16
266,Berdigestyakh,33,RU,scattered clouds,68,62.1,126.7,55.67,0.0,0,4.23
267,Topolobampo,20,MX,few clouds,48,25.6,-109.05,93.0,0.0,0,10.29
268,Milkovo,86,RU,overcast clouds,92,54.72,158.62,53.24,0.0,0,2.98
269,Saskylakh,58,RU,broken clouds,62,71.92,114.08,62.73,0.0,0,5.77
270,Xinyang,39,CN,scattered clouds,91,32.12,114.07,67.14,0.0,0,4.68
271,Vao,95,NC,overcast clouds,77,-22.67,167.48,71.78,0.0,0,14.99
272,Kloulklubed,75,PW,broken clouds,94,7.04,134.26,77.0,0.0,0,11.12
273,Okhotsk,52,RU,broken clouds,95,59.38,143.3,43.75,0.0,0,4.03
274,Sheopur,40,IN,scattered clouds,41,25.67,76.7,91.36,0.0,0,12.68
275,Duki,0,PK,clear sky,10,30.15,68.57,88.97,0.0,0,3.78
276,College,75,US,broken clouds,45,64.86,-147.8,66.0,0.0,0,3.36
277,Nara,100,JP,heavy intensity rain,85,34.69,135.8,66.0,8.52,0,7.87
278,Kalemie,18,CD,few clouds,64,-5.95,29.19,70.59,0.0,0,3.53
279,Iqaluit,90,CA,overcast clouds,56,63.75,-68.51,42.8,0.0,0,5.82
280,Yumen,62,CN,broken clouds,20,40.28,97.2,71.76,0.0,0,2.66
281,Santa Luzia,20,BR,few clouds,46,-19.77,-43.85,71.6,0.0,0,4.7
282,Abu Kamal,0,SY,clear sky,16,34.45,40.92,88.38,0.0,0,5.46
283,Bata,100,GQ,overcast clouds,84,1.86,9.77,77.67,0.0,0,8.43
284,Katsuura,100,JP,light rain,93,35.13,140.3,68.0,0.19,0,9.53
285,Gat,0,IL,clear sky,67,31.61,34.76,77.0,0.0,0,7.27
286,Axim,98,GH,overcast clouds,82,4.87,-2.24,78.1,0.0,0,9.26
287,Flin Flon,90,CA,light rain,87,54.77,-101.86,42.8,0.0,0,14.99
288,Henties Bay,0,NA,clear sky,38,-22.12,14.28,72.81,0.0,0,10.16
289,Fougamou,86,GA,light rain,84,-1.22,10.58,76.3,0.17,0,3.31
290,Guebwiller,18,FR,light rain,64,47.92,7.2,71.01,0.2,0,6.93
291,Blagoveshchensk,80,RU,broken clouds,93,50.27,127.53,53.6,0.0,0,2.24
292,Dzaoudzi,47,YT,scattered clouds,69,-12.79,45.27,77.0,0.0,0,13.87
293,Kununurra,0,AU,clear sky,37,-15.77,128.73,62.6,0.0,0,3.36
294,Kisangani,81,CD,broken clouds,55,0.52,25.2,74.37,0.0,0,1.07
295,Victor Harbor,5,AU,clear sky,85,-35.57,138.62,48.99,0.0,0,15.32
296,Kozhva,38,RU,scattered clouds,66,65.11,57.05,41.94,0.0,0,4.94
297,Harper,95,LR,overcast clouds,77,4.38,-7.72,79.16,0.0,0,7.31
298,Escuintla,75,GT,broken clouds,70,14.3,-90.78,89.6,0.0,0,4.7
299,Sao Joao Da Barra,40,BR,scattered clouds,50,-21.64,-41.05,78.8,0.0,0,6.93
300,Mecca,84,SA,broken clouds,32,21.43,39.83,90.36,0.0,0,7.05
301,Havelock,13,US,few clouds,62,34.88,-76.9,81.0,0.0,0,4.0
302,Kavaratti,100,IN,light rain,79,10.57,72.64,84.76,0.22,0,15.14
303,Thinadhoo,90,MV,light rain,76,0.53,72.93,84.49,0.31,0,9.1
304,Westport,40,US,scattered clouds,83,41.14,-73.36,79.0,0.0,0,6.93
305,Kaitong,50,CN,scattered clouds,61,44.81,123.15,64.27,0.0,0,7.05
306,Saint-Pierre,75,RE,broken clouds,73,-21.34,55.48,69.8,0.0,0,18.34
307,Valparaiso,100,CL,overcast clouds,71,-33.04,-71.63,53.6,0.0,0,6.69
308,Santa Maria,40,BR,scattered clouds,54,-29.68,-53.81,80.6,0.0,0,19.46
309,Nueva Loja,75,EC,broken clouds,70,0.08,-76.88,84.2,0.0,0,2.24
310,Lagoa,26,PT,scattered clouds,88,39.05,-27.98,65.12,0.0,0,14.41
311,Talavera De La Reina,6,ES,clear sky,10,39.96,-4.83,86.0,0.0,0,11.99
312,Bathsheba,40,BB,scattered clouds,70,13.22,-59.52,87.8,0.0,0,19.46
313,Bonthe,99,SL,light rain,84,7.53,-12.51,80.35,0.34,0,11.12
314,Phan Thiet,88,VN,overcast clouds,86,10.93,108.1,79.32,0.0,0,4.12
315,Nishihara,75,JP,broken clouds,88,26.18,127.76,82.4,0.0,0,17.22
316,Itamaraju,59,BR,moderate rain,92,-17.04,-39.53,72.93,1.01,0,5.17
317,Aitape,11,PG,few clouds,83,-3.14,142.35,78.24,0.0,0,3.6
318,Auki,1,SB,clear sky,85,-8.77,160.7,77.92,0.0,0,2.68
319,Lulea,75,SE,broken clouds,93,65.58,22.15,62.6,0.0,0,10.29
320,Beyneu,0,KZ,clear sky,19,45.32,55.2,87.04,0.0,0,9.91
321,Santiago De Cao,74,PE,broken clouds,75,-7.96,-79.24,67.5,0.0,0,13.33
322,Tiksi,99,RU,overcast clouds,71,71.69,128.87,52.95,0.0,0,3.13
323,Finschhafen,38,PG,scattered clouds,76,-6.6,147.87,78.78,0.0,0,8.99
324,Ahipara,18,NZ,few clouds,81,-35.17,173.17,50.38,0.0,0,5.21
325,Trofors,0,NO,clear sky,55,65.53,13.41,62.6,0.0,0,8.05
326,Ouricuri,18,BR,few clouds,44,-7.88,-40.08,83.84,0.0,0,8.63
327,Bangad,40,PH,scattered clouds,83,15.5,121.03,80.6,0.0,0,2.24
328,Tazmalt,75,DZ,broken clouds,73,36.39,4.4,75.2,0.0,0,5.82
329,Indramayu,3,ID,light rain,81,-6.33,108.32,79.2,0.28,0,7.52
330,Camopi,51,GF,moderate rain,92,3.17,-52.32,81.21,1.6,0,3.8
331,Hede,87,CN,overcast clouds,88,33.77,120.25,64.18,0.0,0,5.01
332,Kijang,90,KR,light rain,77,35.24,129.21,68.0,0.0,0,11.41
333,Fairbanks,90,US,overcast clouds,55,64.84,-147.72,66.99,0.0,0,4.05
334,Ariquemes,53,BR,broken clouds,52,-9.91,-63.04,88.29,0.0,0,2.17
335,Seymchan,75,RU,broken clouds,59,62.88,152.43,61.39,0.0,0,1.01
336,Xucheng,12,CN,few clouds,94,20.35,110.13,80.6,0.0,0,4.47
337,North Bend,1,US,clear sky,77,43.41,-124.22,71.01,0.0,0,12.75
338,Skibotn,40,NO,scattered clouds,66,69.39,20.27,50.0,0.0,0,19.46
339,Japura,87,ID,light rain,96,-0.32,102.35,74.26,0.97,0,1.14
340,Linjiang,88,CN,overcast clouds,85,41.81,126.91,56.1,0.0,0,1.41
341,Puerto Leguizamo,54,CO,moderate rain,83,-0.19,-74.78,82.56,1.7,0,2.93
342,Maniitsoq,12,GL,few clouds,78,65.42,-52.9,40.35,0.0,0,12.28
343,Viedma,32,AR,scattered clouds,34,-40.81,-63.0,60.8,0.0,0,22.19
344,Buala,12,SB,few clouds,79,-8.14,159.59,80.2,0.0,0,4.41
345,Eydhafushi,96,MV,overcast clouds,76,5.1,73.07,84.34,0.0,0,6.76
346,Hirara,100,JP,overcast clouds,86,24.8,125.28,83.79,0.0,0,23.35
347,Cabra,1,ES,clear sky,26,37.47,-4.44,84.0,0.0,0,3.0
348,Bansgaon,100,IN,light rain,79,26.56,83.35,84.02,0.24,0,10.8
349,Hobyo,42,SO,scattered clouds,72,5.35,48.53,79.79,0.0,0,26.75
350,Perth,20,AU,few clouds,100,-31.93,115.83,52.0,0.0,0,5.82
351,Bang Yai,40,TH,moderate rain,100,13.84,100.36,90.0,0.0,0,13.87
352,Omsukchan,86,RU,overcast clouds,60,62.53,155.8,57.61,0.0,0,0.49
353,Nizhniy Lomov,56,RU,broken clouds,89,53.53,43.68,62.42,0.0,0,8.19
354,Dzhebariki-Khaya,46,RU,scattered clouds,82,62.22,135.8,54.63,0.0,0,0.27
355,Atar,0,MR,clear sky,13,20.52,-13.05,105.58,0.0,0,16.89
356,Bontang,99,ID,light rain,80,0.13,117.5,79.86,0.64,0,2.39
357,Mandaguacu,97,BR,overcast clouds,60,-23.35,-52.1,75.2,0.0,0,17.22
358,Goma,75,CD,broken clouds,60,-1.68,29.22,71.6,0.0,0,4.7
359,Ilulissat,90,GL,fog,64,69.22,-51.1,35.6,0.0,0,6.93
360,Asau,87,RO,light rain,90,46.43,26.4,64.0,0.32,0,1.68
361,Nhulunbuy,100,AU,overcast clouds,78,-12.23,136.77,77.65,0.0,0,13.49
362,Maldonado,90,UY,drizzle,100,-34.67,-54.92,55.99,0.0,0,12.75
363,Mayo,1,US,clear sky,78,38.89,-76.51,80.6,0.0,0,5.82
364,Dalby,11,AU,few clouds,89,-27.18,151.27,52.0,0.0,0,12.5
365,Magay,90,PH,light rain,94,10.47,124.01,77.0,0.0,0,2.24
366,San Patricio,20,MX,few clouds,66,19.22,-104.7,86.0,0.0,0,11.41
367,Tskaltubo,75,GE,broken clouds,69,42.33,42.6,78.8,0.0,0,10.29
368,Baoning,75,CN,broken clouds,100,25.34,110.03,78.8,0.0,0,1.77
369,Catuday,58,PH,broken clouds,76,16.29,119.81,82.81,0.0,0,3.04
370,Nouadhibou,0,MR,sand,69,20.93,-17.03,77.0,0.0,0,23.04
371,Dahuk,0,IQ,clear sky,17,36.87,42.99,86.65,0.0,0,12.21
372,Pitanga,100,BR,overcast clouds,69,-24.76,-51.76,68.23,0.0,0,7.92
373,Sorland,20,NO,few clouds,81,67.67,12.69,48.2,0.0,0,23.04
374,Praia,0,CV,clear sky,51,14.92,-23.51,86.0,0.0,0,28.86
375,Pochutla,90,MX,moderate rain,78,15.74,-96.47,82.4,0.0,0,5.77
376,Phulpur,100,IN,moderate rain,80,25.55,82.1,83.43,1.1,0,7.85
377,Zvishavane,77,ZW,broken clouds,91,-20.33,30.07,50.99,0.0,0,3.98
378,Tukrah,0,LY,clear sky,61,32.53,20.58,72.82,0.0,0,0.43
379,Horadiz,9,AZ,haze,44,39.45,47.34,78.8,0.0,0,6.93
380,Lorengau,41,PG,light rain,75,-2.02,147.27,83.17,0.12,0,8.52
381,Borogontsy,77,RU,broken clouds,61,62.67,131.17,57.15,0.0,0,3.67
382,Gerash,0,IR,clear sky,22,27.67,54.14,100.4,0.0,0,6.93
383,Nabire,97,ID,light rain,86,-3.37,135.48,77.59,0.55,0,2.8
384,Jumla,98,NP,light rain,69,29.27,82.18,62.62,0.14,0,1.05
385,Sur,0,OM,clear sky,75,22.57,59.53,84.94,0.0,0,12.62
386,Egvekinot,9,RU,clear sky,40,66.32,-179.17,55.58,0.0,0,2.06
387,Silveira,0,PT,clear sky,55,39.11,-9.36,70.0,0.0,0,1.99
388,Eyrarbakki,75,IS,broken clouds,47,63.86,-21.15,55.4,0.0,0,18.34
389,Tutoia,38,BR,light rain,75,-2.76,-42.27,83.61,0.27,0,4.05
390,Yanggu,18,CN,few clouds,84,36.11,115.78,64.29,0.0,0,4.97
391,Roma,1,US,clear sky,37,43.21,-75.46,84.2,0.0,0,3.36
392,Ngunguru,9,NZ,clear sky,96,-35.62,174.5,48.0,0.0,0,1.01
393,Sarangani,100,PH,overcast clouds,74,5.4,125.46,84.18,0.0,0,11.92
394,Kahului,20,US,few clouds,65,20.89,-156.47,78.8,0.0,0,11.41
395,Jacareacanga,70,BR,broken clouds,42,-6.22,-57.75,92.35,0.0,0,4.29
396,Vila Franca Do Campo,75,PT,broken clouds,82,37.72,-25.43,64.4,0.0,0,13.87
397,Pevek,0,RU,clear sky,72,69.7,170.31,40.06,0.0,0,10.02
398,Mount Isa,0,AU,clear sky,77,-20.73,139.5,59.0,0.0,0,5.82
399,Derzhavinsk,50,KZ,scattered clouds,56,51.1,66.32,55.24,0.0,0,14.36
400,Male,40,MV,scattered clouds,79,4.17,73.51,84.2,0.0,0,4.7
401,Ntungamo,52,UG,broken clouds,76,-0.88,29.65,66.43,0.0,0,4.29
402,Libreville,20,GA,few clouds,83,0.39,9.45,78.8,0.0,0,9.17
403,Arlit,8,NE,clear sky,8,18.74,7.39,101.79,0.0,0,7.83
404,Berbera,82,SO,broken clouds,41,10.44,45.01,94.21,0.0,0,13.6
405,Balkanabat,17,TM,few clouds,12,39.51,54.37,89.35,0.0,0,16.17
406,Kutum,89,SD,overcast clouds,30,14.2,24.67,83.64,0.0,0,5.68
407,Cayenne,40,GF,light rain,94,4.93,-52.33,78.8,0.0,0,9.98
408,Saint-Francois,43,FR,light rain,55,46.42,3.91,66.2,0.38,0,5.82
409,Yarada,75,IN,mist,89,17.65,83.27,84.2,0.0,0,4.7
410,Dodoma,7,TZ,clear sky,66,-6.17,35.74,66.02,0.0,0,11.1
411,Venice,40,US,scattered clouds,58,27.1,-82.45,90.0,0.0,0,10.29
412,Berlevag,20,NO,few clouds,71,70.86,29.09,50.0,0.0,0,12.75
413,Tual,73,ID,light rain,84,-5.67,132.75,80.8,0.18,0,21.83
414,Hilo,90,US,light rain,78,19.73,-155.09,73.4,0.0,0,5.82
415,Havre-Saint-Pierre,1,CA,clear sky,60,50.23,-63.6,75.2,0.0,0,10.29
416,Kotaparh,87,IN,overcast clouds,87,19.15,82.35,75.67,0.0,0,9.33
417,Hervey Bay,42,AU,light rain,89,-25.3,152.85,63.0,0.76,0,11.99
418,Ponta Do Sol,20,PT,few clouds,69,32.67,-17.1,73.4,0.0,0,10.29
419,Tessalit,0,ML,clear sky,7,20.2,1.01,106.38,0.0,0,8.16
420,Foam Lake,100,CA,overcast clouds,92,51.65,-103.53,41.45,0.0,0,14.58
421,Itoman,20,JP,few clouds,94,26.12,127.67,82.4,0.0,0,16.11
422,Tucuma,98,BR,light rain,73,-0.18,-50.05,83.95,0.33,0,9.19
423,Khasan,100,RU,overcast clouds,90,42.43,130.64,57.0,0.0,0,4.83
424,Abapo,0,BO,clear sky,31,-18.83,-63.47,88.43,0.0,0,6.76
425,Ukiah,1,US,clear sky,38,39.15,-123.21,79.0,0.0,0,2.55
426,Russell,20,US,few clouds,45,32.35,-85.2,84.2,0.0,0,3.76
427,Sistranda,20,NO,few clouds,67,63.73,8.83,62.6,0.0,0,17.22
428,Novyy Urengoy,82,RU,broken clouds,59,66.08,76.63,44.02,0.0,0,10.98
429,Nanakuli,75,US,broken clouds,83,21.39,-158.15,77.0,0.0,0,15.41
430,Torbay,90,CA,overcast clouds,63,47.67,-52.73,70.0,0.0,0,16.11
431,Sisimiut,45,GL,scattered clouds,67,66.94,-53.67,41.76,0.0,0,18.16
432,Qasigiannguit,90,GL,fog,70,68.82,-51.19,35.6,0.0,0,6.93
433,Flinders,7,AU,clear sky,86,-34.58,150.86,48.99,0.0,0,1.01
434,Rodrigues Alves,20,BR,few clouds,62,-7.74,-72.65,87.8,0.0,0,3.36
435,Floro,40,NO,fog,87,61.6,5.03,59.0,0.0,0,12.75
436,Bubaque,4,GW,clear sky,80,11.28,-15.83,82.04,0.0,0,12.39
437,Zheleznodorozhnyy,78,RU,light rain,69,55.75,38.0,82.0,0.81,0,6.71
438,Polewali,99,ID,overcast clouds,80,-3.43,119.34,76.86,0.0,0,3.85
439,Zatoka,20,UA,few clouds,50,46.07,30.47,78.8,0.0,0,4.47
440,Nizhniy Kuranakh,98,RU,overcast clouds,84,58.84,125.49,54.09,0.0,0,1.66
441,Constitucion,100,CL,overcast clouds,83,-35.33,-72.42,55.72,0.0,0,22.68
442,Yar-Sale,94,RU,overcast clouds,64,66.83,70.83,42.19,0.0,0,11.12
443,Honiara,20,SB,few clouds,94,-9.43,159.95,73.4,0.0,0,3.36
444,Ucluelet,75,CA,broken clouds,82,48.93,-125.55,60.01,0.0,0,3.36
445,De Aar,0,ZA,clear sky,50,-30.65,24.01,49.23,0.0,0,8.16
446,Baykit,63,RU,broken clouds,62,61.67,96.37,54.79,0.0,0,3.51
447,Kamenka,1,RU,clear sky,77,51.32,42.77,72.0,0.0,0,3.0
448,Laguna,1,US,clear sky,27,38.42,-121.42,84.99,0.0,0,4.7
449,Olinda,75,BR,broken clouds,70,-8.01,-34.86,84.2,0.0,0,16.11
450,Balakovo,72,RU,broken clouds,84,52.03,47.8,66.18,0.0,0,14.74
451,Port Hawkesbury,1,CA,clear sky,35,45.62,-61.35,87.8,0.0,0,14.99
452,Bairiki,75,KI,broken clouds,83,1.33,172.98,77.0,0.0,0,3.36
453,Zhangye,31,CN,scattered clouds,21,38.93,100.45,74.43,0.0,0,1.83
454,Gumdag,3,TM,clear sky,12,39.21,54.59,89.1,0.0,0,21.07
455,Nuuk,75,GL,light intensity shower rain,81,64.18,-51.72,42.8,0.0,0,9.17
456,Laksham,84,BD,broken clouds,92,23.25,91.14,79.09,0.0,0,11.3
457,Akom,93,CM,light rain,96,2.67,12.71,69.67,0.59,0,1.9
458,Dingle,100,PH,light rain,92,11.0,122.67,76.3,0.68,0,5.75
459,Nybro,0,SE,clear sky,64,56.74,15.91,68.0,0.0,0,11.41
460,Vrangel,90,RU,overcast clouds,89,42.73,133.08,52.66,0.0,0,8.97
461,Batagay-Alyta,0,RU,clear sky,54,67.8,130.41,60.31,0.0,0,2.48
462,Natal,90,BR,shower rain,88,-5.79,-35.21,78.8,0.0,0,12.75
463,Zhigansk,38,RU,scattered clouds,64,66.77,123.37,59.27,0.0,0,7.99
464,Posse,4,BR,clear sky,42,-14.09,-46.37,79.83,0.0,0,11.14
465,Sakakah,0,SA,clear sky,10,29.97,40.21,95.0,0.0,0,12.75
466,Lokosovo,84,RU,broken clouds,64,61.13,74.82,44.73,0.0,0,9.06
467,Marolambo,58,MG,light rain,93,-20.05,48.12,58.5,0.3,0,2.93
468,Kieta,1,PG,clear sky,81,-6.22,155.63,78.96,0.0,0,3.69
469,Sijunjung,92,ID,moderate rain,92,-0.69,100.95,71.62,1.43,0,1.3
470,Tomari,100,RU,overcast clouds,92,47.77,142.07,47.17,0.0,0,7.4
471,Macherla,84,IN,moderate rain,79,16.48,79.43,78.03,3.45,0,18.12
472,Huangmei,99,CN,overcast clouds,90,30.19,116.03,70.5,0.0,0,1.25
473,Ninghai,75,CN,light intensity shower rain,88,29.29,121.42,73.99,0.0,0,6.71
474,Santa Cecilia,87,BR,overcast clouds,63,-26.96,-50.43,68.2,0.0,0,7.34
475,Leon,75,MX,broken clouds,53,21.12,-101.67,75.2,0.0,0,5.82
476,Uruzgan,0,AF,clear sky,19,32.83,66.0,73.29,0.0,0,3.15
477,Vangaindrano,87,MG,light rain,87,-23.35,47.6,65.46,0.28,0,5.21
478,Khandbari,94,NP,moderate rain,76,27.37,87.2,74.14,1.28,0,0.38
479,Seoul,90,KR,overcast clouds,83,37.57,126.98,73.4,0.0,0,5.82
480,Tucuman,0,AR,clear sky,35,-26.82,-65.22,69.8,0.0,0,11.41
481,Skelleftea,36,SE,scattered clouds,82,64.75,20.95,66.99,0.0,0,3.36
482,Zaranj,0,AF,clear sky,24,30.97,61.88,91.4,0.0,0,13.87
483,Buba,41,GW,scattered clouds,57,11.58,-15.0,90.01,0.0,0,10.4
484,Rocha,96,UY,overcast clouds,87,-34.48,-54.33,58.93,0.0,0,17.02
485,Gimbi,99,ET,light rain,100,9.17,35.83,58.42,0.91,0,4.68
486,San Cristobal,40,VE,scattered clouds,55,7.77,-72.22,87.8,0.0,0,11.41
487,Ulladulla,4,AU,clear sky,100,-35.35,150.47,44.01,0.0,0,1.12
488,Aklavik,75,CA,shower rain,81,68.22,-135.01,51.8,0.0,0,3.36
489,Guerrero Negro,6,MX,clear sky,56,27.98,-114.06,70.52,0.0,0,13.87
490,Mackay,40,AU,scattered clouds,88,-21.15,149.2,64.4,0.0,0,10.29
491,Marystown,99,CA,overcast clouds,71,47.17,-55.15,61.14,0.0,0,18.54
492,Klyuchi,99,RU,light rain,79,52.27,79.17,58.21,0.24,0,11.16
493,Pacific Grove,1,US,clear sky,52,36.62,-121.92,79.0,0.0,0,3.36
494,Roela,15,EE,few clouds,90,59.17,26.59,69.24,0.0,0,4.81
495,Ilhabela,74,BR,broken clouds,58,-23.78,-45.36,75.54,0.0,0,4.61
496,Rio Cuarto,62,AR,broken clouds,19,-33.13,-64.35,66.2,0.0,0,11.41
497,The Valley,40,AI,scattered clouds,62,18.22,-63.06,89.6,0.0,0,17.22
498,Nizwa,50,OM,scattered clouds,40,22.93,57.53,91.9,0.0,0,6.91
499,Asmara,45,ER,scattered clouds,50,15.33,38.93,67.26,0.0,0,6.49
500,Nizhniy Tsasuchey,51,RU,broken clouds,44,50.52,115.13,59.34,0.0,0,3.89
501,Aykhal,78,RU,broken clouds,47,66.0,111.5,59.0,0.0,0,4.47
502,Smithers,90,CA,shower rain,63,54.78,-127.17,60.8,0.0,0,6.93
503,Namatanai,12,PG,light rain,83,-3.67,152.43,79.84,0.5,0,6.46
504,Corbu,48,RO,scattered clouds,69,44.38,28.65,73.4,0.0,0,5.82
505,Ouadda,89,CF,moderate rain,91,8.08,22.4,70.93,3.2,0,4.18
506,Jamtara,67,IN,light rain,77,23.95,86.8,84.06,0.66,0,5.53
507,Sangre Grande,40,TT,shower rain,59,10.58,-61.12,89.6,0.0,0,19.46
508,Borgosesia,40,IT,scattered clouds,88,45.71,8.28,66.99,0.0,0,6.93
509,Krapivinskiy,40,RU,mist,100,55.0,86.81,59.0,0.0,0,4.47
510,Kautokeino,41,NO,scattered clouds,41,69.01,23.04,55.0,0.0,0,19.62
511,Serowe,0,BW,clear sky,59,-22.38,26.72,50.49,0.0,0,5.97
512,Haines Junction,100,CA,overcast clouds,48,60.75,-137.51,60.71,0.0,0,0.69
513,Eyl,39,SO,scattered clouds,64,7.98,49.82,82.71,0.0,0,25.32
514,Ayr,20,GB,few clouds,56,55.46,-4.63,69.8,0.0,0,8.05
515,Launceston,100,AU,overcast clouds,93,-41.45,147.17,45.0,0.0,0,5.82
516,Lucea,20,JM,few clouds,79,18.45,-78.17,88.0,0.0,0,17.22
517,Goundi,31,TD,scattered clouds,66,9.36,17.37,81.48,0.0,0,4.74
518,Karasjok,73,NO,broken clouds,47,69.47,25.51,55.4,0.0,0,26.4
519,Clarence Town,90,AU,overcast clouds,100,-32.58,151.78,51.01,0.0,0,4.7
520,Talaya,28,RU,scattered clouds,79,61.38,152.75,53.64,0.0,0,1.05
521,Mount Gambier,100,AU,overcast clouds,76,-37.83,140.77,50.0,0.0,0,18.34
522,Tonj,100,SS,overcast clouds,91,7.27,28.68,72.64,0.0,0,1.54
523,Coruripe,18,BR,light rain,81,-10.13,-36.18,79.12,0.46,0,14.72
524,Galle,83,LK,broken clouds,88,6.04,80.22,81.68,0.0,0,7.18
525,Sibu,75,MY,broken clouds,94,2.3,111.82,77.0,0.0,0,0.98
526,Chumikan,100,RU,overcast clouds,95,54.72,135.31,37.96,0.0,0,4.52
527,Rio Gallegos,90,AR,overcast clouds,93,-51.62,-69.22,39.2,0.0,0,5.82
528,Vardo,75,NO,broken clouds,81,70.37,31.11,46.4,0.0,0,26.4
529,Krasnyy Kut,77,RU,broken clouds,78,50.95,46.97,71.37,0.0,0,5.32
530,Mangrol,8,IN,clear sky,79,21.12,70.12,85.24,0.0,0,16.49
531,Wagar,10,SD,clear sky,24,16.15,36.2,99.79,0.0,0,14.63
532,Keshod,17,IN,few clouds,75,21.3,70.25,85.21,0.0,0,15.05
533,Bungu,30,TZ,scattered clouds,88,-7.63,39.06,70.95,0.0,0,5.21
534,Beloha,10,MG,clear sky,81,-25.17,45.05,63.79,0.0,0,14.0
535,Lysva,2,RU,clear sky,69,58.11,57.81,45.59,0.0,0,4.21
536,Soe,95,ID,overcast clouds,100,-9.86,124.28,63.12,0.0,0,4.16
537,Hun,0,LY,clear sky,13,29.13,15.95,92.08,0.0,0,8.99
538,Zhangjiakou,57,CN,broken clouds,69,40.81,114.88,63.48,0.0,0,4.59
539,Tateyama,100,JP,light rain,99,34.98,139.87,68.0,0.58,0,7.74
540,Sayyan,92,YE,overcast clouds,26,15.17,44.32,73.04,0.0,0,5.3
541,Wanning,2,CN,light rain,89,18.8,110.4,81.55,0.13,0,9.95
542,Porto Novo,20,BJ,few clouds,88,6.5,2.6,78.8,0.0,0,2.24
543,Porto Santo,40,PT,scattered clouds,73,33.07,-16.34,73.4,0.0,0,12.75
544,Coronado,75,US,broken clouds,63,32.69,-117.18,70.0,0.0,0,9.17
545,Arman,99,RU,overcast clouds,89,59.7,150.17,48.87,0.0,0,1.3
546,Larsnes,14,NO,few clouds,53,62.2,5.58,75.2,0.0,0,1.12
547,Tingo Maria,20,PE,few clouds,69,-9.29,-76.01,82.4,0.0,0,6.93
548,Kigoma,28,TZ,scattered clouds,57,-4.88,29.63,77.0,0.0,0,5.48
549,Sinegorsk,75,RU,broken clouds,93,47.17,142.5,44.6,0.0,0,17.9
550,Muravlenko,42,RU,scattered clouds,68,63.79,74.52,40.69,0.0,0,10.11
551,Kaeo,2,NZ,clear sky,3,-35.1,173.78,48.0,0.0,0,1.99
552,Jiaojiang,99,CN,light rain,95,28.68,121.44,73.99,0.56,0,1.01
553,Codrington,100,AU,overcast clouds,83,-38.27,141.97,50.18,0.0,0,12.84
554,Kargil,18,IN,few clouds,41,34.57,76.1,53.06,0.0,0,7.2
555,Izazi,20,TZ,few clouds,63,-7.2,35.73,64.4,0.0,0,11.68
556,Xinqing,23,CN,few clouds,94,48.23,129.5,47.08,0.0,0,2.19
557,Urumqi,100,CN,overcast clouds,35,43.8,87.6,73.4,0.0,0,2.24
558,Souillac,75,MU,broken clouds,68,-20.52,57.52,71.6,0.0,0,12.75
559,Alice Springs,0,AU,clear sky,49,-23.7,133.88,52.0,0.0,0,4.7
560,Bahar,0,IR,clear sky,21,34.91,48.44,70.54,0.0,0,2.95
561,Yuryevets,14,RU,few clouds,75,57.32,43.1,62.22,0.0,0,10.45
562,Iskateley,54,RU,broken clouds,54,67.68,53.15,47.57,0.0,0,2.51
563,Jingdezhen,96,CN,light rain,95,29.29,117.21,71.62,0.31,0,2.42
564,Elmira,75,US,broken clouds,51,42.09,-76.81,87.01,0.0,0,6.82
565,Praia Da Vitoria,75,PT,broken clouds,68,38.73,-27.07,69.8,0.0,0,11.14
566,Kiruna,0,SE,clear sky,45,67.86,20.23,62.6,0.0,0,18.34
567,Andenes,75,NO,broken clouds,81,69.31,16.12,46.4,0.0,0,9.17
568,Mazamari,78,PE,broken clouds,48,-11.33,-74.53,86.07,0.0,0,1.5
569,Sioux Lookout,90,CA,light intensity shower rain,73,50.1,-91.92,71.6,0.0,0,6.93
570,Tongzhou,90,CN,overcast clouds,73,39.91,116.6,79.0,0.0,0,6.71
571,Nogliki,100,RU,overcast clouds,97,51.83,143.17,40.48,0.0,0,10.11
572,Luanda,36,AO,scattered clouds,78,-8.84,13.23,75.2,0.0,0,8.05
573,Kondinskoye,93,RU,overcast clouds,60,59.65,67.41,45.34,0.0,0,7.94
574,Gazli,6,UZ,clear sky,16,40.13,63.45,79.3,0.0,0,9.42
